date,value
2019-10-07,94704104
2019-10-08,96152763
2019-10-09,98452730
2019-10-10,99478996
2019-10-11,101424877
2019-10-14,100295135
2019-10-15,100739573
2019-10-16,102857063
2019-10-17,104129810
2019-10-18,105750336
2019-10-21,86561530
2019-10-22,88049992
2019-10-23,90188223
2019-10-24,91155557
2019-10-25,92897528
2019-10-28,91078078
2019-10-29,92918810
2019-10-30,94813405
2019-10-31,96588984
2019-11-01,98448381
2019-11-04,96683492
2019-11-05,98593085
2019-11-06,100566256
2019-11-07,101506472
2019-11-08,103514875
2019-11-11,102760826
2019-11-12,103844123
2019-11-13,105214901
2019-11-14,105920683
2019-11-15,108051276
2019-11-18,90541116
2019-11-19,91853954
2019-11-20,94065120
2019-11-21,95651407
2019-11-22,97302135
2019-11-25,95671910
2019-11-26,97366981
2019-11-27,99408112
2019-11-29,100587422
2019-12-02,97563334
2019-12-03,99134917
2019-12-04,101095024
2019-12-05,102218992
2019-12-06,103653923
2019-12-09,101815905
2019-12-10,103074034
2019-12-11,104622378
2019-12-12,106036867
2019-12-13,108869911
2019-12-16,103720499
2019-12-17,95024170
2019-12-18,106103351
2019-12-19,107226188
2019-12-20,105412080
2019-12-23,81216569
2019-12-24,82926780
2019-12-26,83865287
2019-12-27,85528095
2019-12-30,83531614
2019-12-31,86828475
2020-01-02,83992161
2020-01-03,86224984
2020-01-06,85971896
2020-01-07,87523436
2020-01-08,89329880
2020-01-09,91478997
2020-01-10,93840601
2020-01-13,92927932
2020-01-14,95399742
2020-01-15,97343296
2020-01-16,99303723
2020-01-17,102137624
2020-01-21,67780597
2020-01-22,70504504
2020-01-23,72301414
2020-01-24,75111902
2020-01-27,75078621
2020-01-28,78084392
2020-01-29,80502111
2020-01-30,81799839
2020-01-31,84732142
2020-02-03,82939344
2020-02-04,84680143
2020-02-05,86636956
2020-02-06,88445804
2020-02-07,90490814
2020-02-10,88288985
2020-02-11,89745850
2020-02-12,91958440
2020-02-13,93891050
2020-02-14,95836609
2020-02-18,93436622
2020-02-19,94920900
2020-02-20,96271904
2020-02-21,98664728
2020-02-24,81472536
2020-02-25,85489837
2020-02-26,90399767
2020-02-27,92629834
2020-02-28,97631187
2020-03-02,96888297
2020-03-03,99172234
2020-03-04,102517280
2020-03-05,104482794
2020-03-06,107557106
2020-03-09,105549466
2020-03-10,107749230
2020-03-11,110956171
2020-03-12,113710584
2020-03-13,116924186
2020-03-16,115499061
2020-03-17,117137113
2020-03-18,119654996
2020-03-19,121559676
2020-03-20,124332630
2020-03-23,94359264
2020-03-24,96432084
2020-03-25,99698152
2020-03-26,101587368
2020-03-27,104709367
2020-03-30,99631839
2020-03-31,104542064
2020-04-01,102827005
2020-04-02,104222376
2020-04-03,106905321
2020-04-06,105141795
2020-04-07,107302288
2020-04-08,109995526
2020-04-09,111829701
2020-04-13,111841736
2020-04-14,113497190
2020-04-15,116108097
2020-04-16,118610546
2020-04-17,121187326
2020-04-20,94804709
2020-04-21,97326419
2020-04-22,101617978
2020-04-23,102580146
2020-04-24,105422408
2020-04-27,103037949
2020-04-28,105128854
2020-04-29,98411868
2020-04-30,109002868
2020-05-01,111034680
2020-05-04,107795354
2020-05-05,109202233
2020-05-06,111281375
2020-05-07,112335303
2020-05-08,114623172
2020-05-11,113357771
2020-05-12,114585269
2020-05-13,116854424
2020-05-14,117851422
2020-05-15,119794772
2020-05-18,98675928
2020-05-19,101397297
2020-05-20,103437881
2020-05-21,105532221
2020-05-22,107929319
2020-05-26,105320244
2020-05-27,107368239
2020-05-28,109195776
2020-05-29,111593196
2020-06-01,108372994
2020-06-02,109508659
2020-06-03,111670849
2020-06-04,113846731
2020-06-05,116123438
2020-06-08,115603839
2020-06-09,117473217
2020-06-10,119638395
2020-06-11,121510954
2020-06-12,124218355
2020-06-15,120804518
2020-06-16,122237505
2020-06-17,124270468
2020-06-18,124641968
2020-06-19,125083260
2020-06-22,91917272
2020-06-23,93699509
2020-06-24,95662692
2020-06-25,97576518
2020-06-26,99566400
2020-06-29,97904650
2020-06-30,99105352
2020-07-01,97492412
2020-07-02,98811794
2020-07-06,97716584
2020-07-07,99645778
2020-07-08,101522723
2020-07-09,102943222
2020-07-10,105148287
2020-07-13,103722329
2020-07-14,106074767
2020-07-15,107807012
2020-07-16,109221300
2020-07-17,110669940
2020-07-20,89671328
2020-07-21,91751712
2020-07-22,94232752
2020-07-23,96038553
2020-07-24,98360203
2020-07-27,96453211
2020-07-28,98498307
2020-07-29,100932284
2020-07-30,102234920
2020-07-31,104185712
2020-08-03,100913523
2020-08-04,102423646
2020-08-05,104771690
2020-08-06,106346378
2020-08-07,108637915
2020-08-10,107418864
2020-08-11,109148336
2020-08-12,111767676
2020-08-13,113206172
2020-08-14,115367070
2020-08-17,113473964
2020-08-18,114129724
2020-08-19,117338653
2020-08-20,118688314
2020-08-21,120633553
2020-08-24,103898162
2020-08-25,105469772
2020-08-26,107667621
2020-08-27,109589083
2020-08-28,111626240
2020-08-31,109096464
2020-09-01,110548556
2020-09-02,112531126
2020-09-03,114380402
2020-09-04,116894902
2020-09-08,114864122
2020-09-09,116304176
2020-09-10,117688960
2020-09-11,119519035
2020-09-14,117497525
2020-09-15,118885945
2020-09-16,120402115
2020-09-17,121387182
2020-09-18,121853680
2020-09-21,96641249
2020-09-22,98907169
2020-09-23,100845161
2020-09-24,102693629
2020-09-25,104670586
2020-09-28,102480158
2020-09-29,104103654
2020-09-30,105764911
2020-10-01,102478829
2020-10-02,104286112
2020-10-05,103000323
2020-10-06,104282373
2020-10-07,106474281
2020-10-08,107972029
2020-10-09,109963492
2020-10-12,108538786
2020-10-13,110528800
2020-10-14,112304475
2020-10-15,113063536
2020-10-16,115014593
2020-10-19,95386677
2020-10-20,96960032
2020-10-21,98873972
2020-10-22,99972002
2020-10-23,101826549
2020-10-26,100274313
2020-10-27,102222591
2020-10-28,104204794
2020-10-29,106250357
2020-10-30,108188510
2020-11-02,104625826
2020-11-03,106780092
2020-11-04,109864316
2020-11-05,111082472
2020-11-06,113860653
2020-11-09,111345044
2020-11-10,113475353
2020-11-11,115167577
2020-11-12,116600732
2020-11-13,118699842
2020-11-16,116765497
2020-11-17,118357188
2020-11-18,120062816
2020-11-19,122150115
2020-11-20,124123735
2020-11-23,103866389
2020-11-24,105557153
2020-11-25,108369373
2020-11-27,109719091
2020-11-30,107604573
2020-12-01,108710243
2020-12-02,110791402
2020-12-03,112505133
2020-12-04,114832412
2020-12-07,113803316
2020-12-08,115654253
2020-12-09,117719763
2020-12-10,119654939
2020-12-11,121353981
2020-12-14,116984784
2020-12-15,118388439
2020-12-16,120638519
2020-12-17,121562458
2020-12-18,121437119
2020-12-21,96095818
2020-12-22,98006328
2020-12-23,99908594
2020-12-24,101381218
2020-12-28,99541574
2020-12-29,100534547
2020-12-30,103012519
2020-12-31,104455213
2021-01-04,99008730
2021-01-05,101576754
2021-01-06,104572310
2021-01-07,107192378
2021-01-08,109625929
2021-01-11,108533338
2021-01-12,111339990
2021-01-13,113710406
2021-01-14,116733237
2021-01-15,119838378
2021-01-19,81022360
2021-01-20,83574824
2021-01-21,85525526
2021-01-22,89266924
2021-01-25,86863438
2021-01-26,88939751
2021-01-27,91132291
2021-01-28,93624724
2021-01-29,96563010
2021-02-01,93404561
2021-02-02,96712386
2021-02-03,99345364
2021-02-04,100553607
2021-02-05,103103843
2021-02-08,100575510
2021-02-09,102652624
2021-02-10,104946126
2021-02-11,106363294
2021-02-12,108663764
2021-02-16,107056292
2021-02-17,110093548
2021-02-18,112177998
2021-02-19,114657289
2021-02-22,95833649
2021-02-23,98950062
2021-02-24,101735460
2021-02-25,104495161
2021-02-26,107021252
2021-03-01,104086712
2021-03-02,105711469
2021-03-03,108767711
2021-03-04,110462062
2021-03-05,113158231
2021-03-08,110363355
2021-03-09,112347453
2021-03-10,113896320
2021-03-11,114834731
2021-03-12,117716485
2021-03-15,115156831
2021-03-16,116656172
2021-03-17,119143328
2021-03-18,120202616
2021-03-19,121637624
2021-03-22,89209386
2021-03-23,91080825
2021-03-24,93522202
2021-03-25,95636140
2021-03-26,97839689
2021-03-29,95550082
2021-03-30,97594566
2021-03-31,99487443
2021-04-01,97312419
2021-04-05,96293885
2021-04-06,97898648
2021-04-07,99592028
2021-04-08,100958198
2021-04-09,102669397
2021-04-12,101053029
2021-04-13,102652881
2021-04-14,104846482
2021-04-15,106160918
2021-04-16,108480302
2021-04-19,87371438
2021-04-20,89656695
2021-04-21,92077644
2021-04-22,93338197
2021-04-23,93789802
2021-04-26,93721157
2021-04-27,95286399
2021-04-28,97163280
2021-04-29,98482267
2021-04-30,100416871
2021-05-03,97193687
2021-05-04,98679284
2021-05-05,101141062
2021-05-06,102147215
2021-05-07,104777931
2021-05-10,103560187
2021-05-11,105771974
2021-05-12,108593371
2021-05-13,110973536
2021-05-14,112875411
2021-05-17,110642890
2021-05-18,112012716
2021-05-19,114086880
2021-05-20,115648775
2021-05-21,117502425
2021-05-24,99286339
2021-05-25,101126426
2021-05-26,102371901
2021-05-27,104499268
2021-05-28,106432595
2021-06-01,103496171
2021-06-02,105265026
2021-06-03,106761421
2021-06-04,109235757
2021-06-07,107105864
2021-06-08,108906624
2021-06-09,110965776
2021-06-10,111223528
2021-06-11,113648528
2021-06-14,111656975
2021-06-15,113515394
2021-06-16,115652269
2021-06-17,117591896
2021-06-18,119118687
2021-06-21,89059803
2021-06-22,90801964
2021-06-23,93038497
2021-06-24,94180845
2021-06-25,96225624
2021-06-28,93931140
2021-06-29,95446729
2021-06-30,97356722
2021-07-01,94410132
2021-07-02,96594978
2021-07-06,94968705
2021-07-07,97430007
2021-07-08,99275521
2021-07-09,101735084
2021-07-12,100631010
2021-07-13,102018351
2021-07-14,104534123
2021-07-15,105996048
2021-07-16,108202796
2021-07-19,90420661
2021-07-20,93295439
2021-07-21,95501464
2021-07-22,96894376
2021-07-23,98685294
2021-07-26,96343810
2021-07-27,98002018
2021-07-28,100867532
2021-07-29,101823132
2021-07-30,104064179
2021-08-02,100026244
2021-08-03,101713671
2021-08-04,103517195
2021-08-05,104246084
2021-08-06,105947439
2021-08-09,103792242
2021-08-10,105544314
2021-08-11,107413223
2021-08-12,108265490
2021-08-13,110062394
2021-08-16,108179884
2021-08-17,109665314
2021-08-18,112094805
2021-08-19,113681059
2021-08-20,116107289
2021-08-23,97716738
2021-08-24,99674654
2021-08-25,101773046
2021-08-26,103310055
2021-08-27,105663218
2021-08-30,103243243
2021-08-31,104508868
2021-09-01,106252151
2021-09-02,107686342
2021-09-03,109809610
2021-09-07,107304952
2021-09-08,108856063
2021-09-09,110714327
2021-09-10,112570305
2021-09-13,111017859
2021-09-14,112230410
2021-09-15,114233066
2021-09-16,114855531
2021-09-17,115924392
2021-09-20,90118419
2021-09-21,93786834
2021-09-22,96067558
2021-09-23,97564774
2021-09-24,100409157
2021-09-27,97805416
2021-09-28,99689379
2021-09-29,102680825
2021-09-30,103846396
2021-10-01,101550552
2021-10-04,99665809
2021-10-05,101215803
2021-10-06,103346197
2021-10-07,104860858
2021-10-08,107650311
2021-10-11,105523617
2021-10-12,106893036
2021-10-13,108622456
2021-10-14,109347207
2021-10-15,112407700
2021-10-18,94456027
2021-10-19,96172087
2021-10-20,99158625
2021-10-21,100978290
2021-10-22,103120099
2021-10-25,101359197
2021-10-26,102698555
2021-10-27,105353346
2021-10-28,106599035
2021-10-29,108097643
2021-11-01,104435653
2021-11-02,106045291
2021-11-03,108038093
2021-11-04,110263049
2021-11-05,113443862
2021-11-08,111846291
2021-11-09,113217823
2021-11-10,115241274
2021-11-11,116494819
2021-11-12,119162191
2021-11-15,117510832
2021-11-16,118673960
2021-11-17,120427186
2021-11-18,121852303
2021-11-19,124258117
2021-11-22,104662756
2021-11-23,107073356
2021-11-24,109852648
2021-11-26,110752519
2021-11-29,109393221
2021-11-30,110409358
2021-12-01,113593446
2021-12-02,115136961
2021-12-03,117988862
2021-12-06,115423300
2021-12-07,116509793
2021-12-08,118919710
2021-12-09,119143050
2021-12-10,121093488
2021-12-13,117762529
2021-12-14,118783905
2021-12-15,121404163
2021-12-16,122028939
2021-12-17,124217486
2021-12-20,94514827
2021-12-21,96598158
2021-12-22,98792843
2021-12-23,99925701
2021-12-27,98416790
2021-12-28,99754743
2021-12-29,101468110
2021-12-30,101879013
2021-12-31,103733635
2022-01-03,96809408
2022-01-04,98709514
2022-01-05,101110973
2022-01-06,103201196
2022-01-07,105760389
2022-01-10,103824082
2022-01-11,105705835
2022-01-12,107649031
2022-01-13,109094968
2022-01-14,112409234
2022-01-18,110245869
2022-01-19,112355299
2022-01-20,113959896
2022-01-21,117811853
2022-01-24,82417767
2022-01-25,85835023
2022-01-26,89110823
2022-01-27,90633076
2022-01-28,93696639
2022-01-31,91260990
2022-02-01,92780077
2022-02-02,95309040
2022-02-03,96615335
2022-02-04,99541659
2022-02-07,96681274
2022-02-08,98620226
2022-02-09,100914215
2022-02-10,102921417
2022-02-11,105691614
2022-02-14,104476138
2022-02-15,106742140
2022-02-16,108982310
2022-02-17,110105544
2022-02-18,112978596
2022-02-22,95001365
2022-02-23,97172804
2022-02-24,99182483
2022-02-25,102814853
2022-02-28,100942266
2022-03-01,101972034
2022-03-02,105562636
2022-03-03,107001066
2022-03-04,109800524
2022-03-07,107132962
2022-03-08,109768411
2022-03-09,113842249
2022-03-10,115272831
2022-03-11,117654499
2022-03-14,114536261
2022-03-15,116054526
2022-03-16,118470311
2022-03-17,120581099
2022-03-18,123556304
2022-03-21,94675018
2022-03-22,96728868
2022-03-23,99405175
2022-03-24,101012764
2022-03-25,103839967
2022-03-28,101535657
2022-03-29,103307694
2022-03-30,106262091
2022-03-31,107434424
2022-04-01,105772388
2022-04-04,103806269
2022-04-05,104969374
2022-04-06,107726961
2022-04-07,109417091
2022-04-08,111782435
2022-04-11,109882027
2022-04-12,111681286
2022-04-13,114069775
2022-04-14,115281805
2022-04-18,94240702
2022-04-19,95921198
2022-04-20,98602992
2022-04-21,99347370
2022-04-22,102502323
2022-04-25,100892403
2022-04-26,102931128
2022-04-27,106039723
2022-04-28,107067851
2022-04-29,109634345
2022-05-02,106820211
2022-05-03,108705313
2022-05-04,111030909
2022-05-05,112639087
2022-05-06,115931175
2022-05-09,113387307
2022-05-10,116090625
2022-05-11,119142878
2022-05-12,120959405
2022-05-13,124293769
2022-05-16,121438178
2022-05-17,122403713
2022-05-18,124908313
2022-05-19,126488545
2022-05-20,129043780
2022-05-23,107478100
2022-05-24,109586835
2022-05-25,112260105
2022-05-26,113596804
2022-05-27,116896250
2022-05-31,114467381
2022-06-01,115622005
2022-06-02,117597725
2022-06-03,120220707
2022-06-06,118186845
2022-06-07,119836743
2022-06-08,122485141
2022-06-09,123501176
2022-06-10,125482420
2022-06-13,124145458
2022-06-14,127268625
2022-06-15,130290127
2022-06-16,132024107
2022-06-17,135670828
2022-06-21,100835778
2022-06-22,102859788
2022-06-23,104245253
2022-06-24,107252473
2022-06-27,105567193
2022-06-28,107200337
2022-06-29,109956787
2022-06-30,111489442
2022-07-01,112781363
2022-07-05,108455359
2022-07-06,110537389
2022-07-07,112504913
2022-07-08,115269911
2022-07-11,113481657
2022-07-12,115020627
2022-07-13,117716913
2022-07-14,119023967
2022-07-15,121663557
2022-07-18,99905317
2022-07-19,102554629
2022-07-20,106268885
2022-07-21,107804312
2022-07-22,110800089
2022-07-25,108503395
2022-07-26,109508844
2022-07-27,111627463
2022-07-28,113622848
2022-07-29,116599181
2022-08-01,113433425
2022-08-02,115202781
2022-08-03,117689188
2022-08-04,119179178
2022-08-05,121493375
2022-08-08,118678937
2022-08-09,120301395
2022-08-10,122823769
2022-08-11,124004972
2022-08-12,127279568
2022-08-15,125149545
2022-08-16,126736964
2022-08-17,129539844
2022-08-18,130865769
2022-08-19,133617756
2022-08-22,110531019
2022-08-23,112838676
2022-08-24,115448248
2022-08-25,116610712
2022-08-26,119525772
2022-08-29,117966480
2022-08-30,119270895
2022-08-31,122006773
2022-09-01,122947045
2022-09-02,126259416
2022-09-06,123910225
2022-09-07,125839295
2022-09-08,127336975
2022-09-09,129934652
2022-09-12,128000033
2022-09-13,129828693
2022-09-14,132925233
2022-09-15,133757138
2022-09-16,136124838
2022-09-19,105185158
2022-09-20,107097313
2022-09-21,110207195
2022-09-22,111688106
2022-09-23,115093076
2022-09-26,114446238
2022-09-27,116328084
2022-09-28,119981697
2022-09-29,122216891
2022-09-30,125608033
2022-10-03,118900146
2022-10-04,121224550
2022-10-05,124716437
2022-10-06,125557767
2022-10-07,128123830
2022-10-10,125798242
2022-10-11,127601042
2022-10-12,130880911
2022-10-13,132317507
2022-10-14,135960068
2022-10-17,131985497
2022-10-18,133769749
2022-10-19,136285780
2022-10-20,137101603
2022-10-21,139320581
2022-10-24,116956544
2022-10-25,119097562
2022-10-26,122178388
2022-10-27,123892403
2022-10-28,126907860
2022-10-31,123532596
2022-11-01,123889531
2022-11-02,126502431
2022-11-03,127751367
2022-11-04,130776054
2022-11-07,127999381
2022-11-08,129884684
2022-11-09,133419115
2022-11-10,134878396
2022-11-11,138698153
2022-11-14,135902681
2022-11-15,138214207
2022-11-16,141142884
2022-11-17,142794588
2022-11-18,146249593
2022-11-21,121074143
2022-11-22,122840509
2022-11-23,125912804
2022-11-25,127638159
2022-11-28,124239705
2022-11-29,126396826
2022-11-30,128306199
2022-12-01,130399313
2022-12-02,132935648
2022-12-05,131210708
2022-12-06,133216593
2022-12-07,135796166
2022-12-08,137068914
2022-12-09,138783342
2022-12-12,135968486
2022-12-13,137288955
2022-12-14,138193350
2022-12-15,139040599
2022-12-16,139967723
2022-12-19,106984758
2022-12-20,109202899
2022-12-21,111086735
2022-12-22,112639481
2022-12-23,114595035
2022-12-27,111951523
2022-12-28,113700258
2022-12-29,114927543
2022-12-30,116424799
2023-01-03,108771435
2023-01-04,111282746
2023-01-05,114112523
2023-01-06,115934162
2023-01-09,116233538
2023-01-10,119009662
2023-01-11,121500987
2023-01-12,125462706
2023-01-13,128170462
2023-01-17,126214899
2023-01-18,128527473
2023-01-19,130983589
2023-01-20,133565703
2023-01-23,93785454
2023-01-24,97352738
2023-01-25,100002902
2023-01-26,102477700
2023-01-27,105071610
2023-01-30,103806741
2023-01-31,105809898
2023-02-01,108328191
2023-02-02,111013529
2023-02-03,114992025
2023-02-06,111961513
2023-02-07,113464471
2023-02-08,115818211
2023-02-09,117473986
2023-02-10,119565783
2023-02-13,117679825
2023-02-14,120095274
2023-02-15,121601757
2023-02-16,123040586
2023-02-17,125014841
2023-02-21,104751107
2023-02-22,107643039
2023-02-23,109911345
2023-02-24,112645690
2023-02-27,110597180
2023-02-28,112759761
2023-03-01,114420414
2023-03-02,116127497
2023-03-03,118611852
2023-03-06,116589302
2023-03-07,118479441
2023-03-08,120784131
2023-03-09,122536087
2023-03-10,125313442
2023-03-13,124233147
2023-03-14,127109986
2023-03-15,129411400
2023-03-16,131696427
2023-03-17,133767320
2023-03-20,105318506
2023-03-21,108007914
2023-03-22,111130528
2023-03-23,113855765
2023-03-24,117000170
2023-03-27,113989615
2023-03-28,116016134
2023-03-29,118383680
2023-03-30,120774278
2023-03-31,123929717
2023-04-03,117259827
2023-04-04,119435099
2023-04-05,121821906
2023-04-06,123585425
2023-04-10,120501009
2023-04-11,121837378
2023-04-12,123667488
2023-04-13,125098952
2023-04-14,128044881
2023-04-17,125259771
2023-04-18,126921659
2023-04-19,129018401
2023-04-20,130460460
2023-04-21,132614333
2023-04-24,107204899
2023-04-25,109144077
2023-04-26,111721569
2023-04-27,113312159
2023-04-28,115923175
2023-05-01,113808711
2023-05-02,115880117
2023-05-03,118463792
2023-05-04,120332576
2023-05-05,123013741
2023-05-08,121364915
2023-05-09,123083440
2023-05-10,124451021
2023-05-11,126556671
2023-05-12,128145581
2023-05-15,126274954
2023-05-16,128464147
2023-05-17,130620681
2023-05-18,132699373
2023-05-19,135256450
2023-05-22,116049088
2023-05-23,118036936
2023-05-24,120019877
2023-05-25,122069119
2023-05-26,123477414
2023-05-30,121583009
2023-05-31,123419447
2023-06-01,124827025
2023-06-02,127029736
2023-06-05,125464446
2023-06-06,127615389
2023-06-07,129324430
2023-06-08,131825373
2023-06-09,134087216
2023-06-12,131767378
2023-06-13,134051195
2023-06-14,136169877
2023-06-15,138491502
2023-06-16,138909469
2023-06-20,105802283
2023-06-21,107817852
2023-06-22,109726601
2023-06-23,111683942
2023-06-26,109659857
2023-06-28,113775493
2023-06-29,114955765
2023-06-30,116433774
2023-07-03,110562607
2023-07-05,111465806
2023-07-06,113302234
2023-07-07,115310627
2023-07-10,113877506
2023-07-11,115705533
2023-07-12,118022837
2023-07-13,119837774
2023-07-14,122512586
2023-07-17,121146056
2023-07-18,123039917
2023-07-19,125573883
2023-07-20,127857426
2023-07-21,129341803
2023-07-24,109293734
2023-07-25,112212723
2023-07-26,114398828
2023-07-27,115933645
2023-07-28,118546558
2023-07-31,116250071
2023-08-01,118118094
2023-08-02,120221091
2023-08-03,122885460
2023-08-04,124797527
2023-08-07,122871741
2023-08-08,124143376
2023-08-09,125985491
2023-08-10,127948595
2023-08-11,129801876
2023-08-14,127718809
2023-08-15,129978292
2023-08-16,131778011
2023-08-17,133731940
2023-08-18,135698692
2023-08-21,119071084
2023-08-22,121540397
2023-08-23,123289129
2023-08-24,125235142
2023-08-25,127292192
2023-08-28,124799680
2023-08-29,126902036
2023-08-30,129492136
2023-08-31,131175779
2023-09-01,132601853
2023-09-05,129461042
2023-09-06,131207351
2023-09-07,132575869
2023-09-08,134149629
2023-09-11,132436051
2023-09-12,134469956
2023-09-13,136470061
2023-09-14,137303076
2023-09-15,138675219
2023-09-18,108292220
2023-09-19,110540723
2023-09-20,112493423
2023-09-21,114324243
2023-09-22,116809725
2023-09-25,114709841
2023-09-26,116758169
2023-09-27,118974175
2023-09-28,121100284
2023-09-29,123217450
2023-10-02,118127495
2023-10-03,120242547
2023-10-04,123371845
2023-10-05,125761676
2023-10-06,127835954
2023-10-09,126153383
2023-10-10,127957959
2023-10-11,130714697
2023-10-12,132336281
2023-10-13,134333220
2023-10-16,132086733
2023-10-17,134475061
2023-10-18,136351139
2023-10-19,137632956
2023-10-20,139694351
2023-10-23,118718928
2023-10-24,121126672
2023-10-25,123004113
2023-10-26,125164922
2023-10-27,127212601
2023-10-30,125117514
2023-10-31,127676738
2023-11-01,129267710
2023-11-02,131237835
2023-11-03,133686037
2023-11-06,132728443
2023-11-07,134780301
2023-11-08,137058850
2023-11-09,138746967
2023-11-10,140552739
2023-11-13,138066413
2023-11-14,139501414
2023-11-15,143184098
2023-11-16,146145603
2023-11-17,147775726
2023-11-20,124884321
2023-11-21,127491944
2023-11-22,129076106
2023-11-24,130185868
2023-11-27,126841759
2023-11-28,128938697
2023-11-29,130982781
2023-11-30,133014443
2023-12-01,135050979
2023-12-04,133526401
2023-12-05,135949630
2023-12-06,138289839
2023-12-07,140201888
2023-12-08,141823695
2023-12-11,139405714
2023-12-12,141749952
2023-12-13,143593107
2023-12-14,145441503
2023-12-15,147185856
2023-12-18,115112322
2023-12-19,117566441
2023-12-20,119686530
2023-12-21,122124442
2023-12-22,124251948
2023-12-26,121331457
2023-12-27,122868497
2023-12-28,124664860
2023-12-29,127409196
2024-01-02,120909240
2024-01-03,123178359
2024-01-04,125410008
2024-01-05,127454652
2024-01-08,126292939
2024-01-09,129703939
2024-01-10,131524621
2024-01-11,134358302
2024-01-12,136854555
2024-01-16,135316495
2024-01-17,137092627
2024-01-18,139053890
2024-01-19,140938860
2024-01-22,101800842
2024-01-23,104729206
2024-01-24,107587695
2024-01-25,111018421
2024-01-26,113558144
2024-01-29,111068776
2024-01-30,113248191
2024-01-31,115569473
2024-02-01,116706165
2024-02-02,119619624
2024-02-05,117763366
2024-02-06,119528001
2024-02-07,122148677
2024-02-08,124686438
2024-02-09,126412329
2024-02-12,124550256
2024-02-13,127472995
2024-02-14,129941820
2024-02-15,131592670
2024-02-16,134206635
2024-02-20,115143667
2024-02-21,117683504
2024-02-22,119182492
2024-02-23,122081743
2024-02-26,120106137
2024-02-27,121688617
2024-02-28,124035026
2024-02-29,125868142
2024-03-01,126098878
2024-03-04,124984634
2024-03-05,126817848
2024-03-06,129052430
2024-03-07,130715608
2024-03-08,133330265
2024-03-11,131957642
2024-03-12,134097000
2024-03-13,136331248
2024-03-14,137908961
2024-03-15,138655986
2024-03-18,107538840
2024-03-19,110243497
2024-03-20,112379804
2024-03-21,114495646
2024-03-22,117223375
2024-03-25,115138344
2024-03-26,116693608
2024-03-27,118006069
2024-03-28,119820872
2024-04-01,116197249
2024-04-02,118520532
2024-04-03,121230381
2024-04-04,123397533
2024-04-05,126258153
2024-04-08,124668335
2024-04-09,126099148
2024-04-10,128624980
2024-04-11,130104835
2024-04-12,132519829
2024-04-15,130953774
2024-04-16,133301008
2024-04-17,135257602
2024-04-18,136572928
2024-04-19,138404533
2024-04-22,116891962
2024-04-23,119272127
2024-04-24,121595796
2024-04-25,122751630
2024-04-26,124417350
2024-04-29,121568017
2024-04-30,123507148
2024-05-01,124406165
2024-05-02,126047938
2024-05-03,128012653
2024-05-06,125154380
2024-05-07,128193568
2024-05-08,130240776
2024-05-09,131489468
2024-05-10,133928657
2024-05-13,132597249
2024-05-14,134748167
2024-05-15,137143350
2024-05-16,139678167
2024-05-17,141575628
2024-05-20,118497453
2024-05-21,121253577
2024-05-22,123081373
2024-05-23,125578468
2024-05-24,127860552
2024-05-28,125289198
2024-05-29,127340423
2024-05-30,129504862
2024-05-31,131042361
2024-06-03,126902236
2024-06-04,128879558
2024-06-05,130478809
2024-06-06,132692682
2024-06-07,135237404
2024-06-10,132581907
2024-06-11,133462937
2024-06-12,135650456
2024-06-13,139149174
2024-06-14,139399434
2024-06-17,136668533
2024-06-18,139010617
2024-06-20,140840687
2024-06-21,141799932
2024-06-24,106920999
2024-06-25,109587983
2024-06-26,111347386
2024-06-27,113162546
2024-06-28,115134666
2024-07-01,110468144
2024-07-02,112282474
2024-07-03,114072214
2024-07-05,114970898
2024-07-08,114084239
2024-07-09,116337458
2024-07-10,117849058
2024-07-11,120549980
2024-07-12,122971858
2024-07-15,120918389
2024-07-16,123790761
2024-07-17,126982278
2024-07-18,129815659
2024-07-19,131537518
2024-07-22,112119823
2024-07-23,114422224
2024-07-24,116041031
2024-07-25,118838253
2024-07-26,120742215
2024-07-29,117758136
2024-07-30,119568335
2024-07-31,121568863
2024-08-01,122467394
2024-08-02,125196731
2024-08-05,123559895
2024-08-06,125584724
2024-08-07,127391309
2024-08-08,128949621
2024-08-09,130645808
2024-08-12,128141083
2024-08-13,130300153
2024-08-14,132845426
2024-08-15,134411815
2024-08-16,137452365
2024-08-19,118439965
2024-08-20,120497706
2024-08-21,122408710
2024-08-22,123877675
2024-08-23,126309398
2024-08-26,124810929
2024-08-27,126606991
2024-08-28,127650454
2024-08-29,129277431
2024-08-30,130564050
2024-09-03,125526096
2024-09-04,128401720
2024-09-05,129697980
2024-09-06,131729690
2024-09-09,130091547
2024-09-10,131564790
2024-09-11,133634385
2024-09-12,135658933
2024-09-13,138384693
2024-09-16,136929561
2024-09-17,138421384
2024-09-18,141169294
2024-09-19,143190314
2024-09-20,145521557
2024-09-23,113677362
2024-09-24,116378064
2024-09-25,120012983
2024-09-26,122972434
2024-09-27,127496928
2024-09-30,125488031
2024-10-01,125311904
2024-10-02,128256824
2024-10-03,132143206
2024-10-04,135197925
2024-10-07,134582950
2024-10-08,136960745
2024-10-09,139189240
2024-10-10,141080026
2024-10-11,142792533
2024-10-14,141285114
2024-10-15,143301872
2024-10-16,146169176
2024-10-17,148231298
2024-10-18,150311024
2024-10-21,126307526
2024-10-22,128901882
2024-10-23,131070725
2024-10-24,133768791
2024-10-25,135455874
2024-10-28,132316313
2024-10-29,134720430
2024-10-30,136915426
2024-10-31,138966006
2024-11-01,139883958
2024-11-04,135337656
2024-11-05,137659432
2024-11-06,141779015
2024-11-07,144113507
2024-11-08,147433604
2024-11-11,144338306
2024-11-12,146578181
2024-11-13,150242216
2024-11-14,151347848
2024-11-15,153409189
2024-11-18,128955498
2024-11-19,130983491
2024-11-20,133320080
2024-11-21,138036393
2024-11-22,137287497
2024-11-25,134822980
2024-11-26,137293136
2024-11-27,139883703
2024-11-29,142314178
2024-12-02,135753091
2024-12-03,138390879
2024-12-04,140353202
2024-12-05,142225720
2024-12-06,144442289
2024-12-09,141616029
2024-12-10,144050622
2024-12-11,146618506
2024-12-12,148384094
2024-12-13,150265857
2024-12-16,147332458
2024-12-17,148027063
2024-12-18,149926337
2024-12-19,151461289
2024-12-20,152754814
2024-12-23,119692517
2024-12-24,121715989
2024-12-26,123179771
2024-12-27,124540052
2024-12-30,122659024
2024-12-31,124660841
2025-01-02,121932397
2025-01-03,124040308
2025-01-06,123221541
2025-01-07,126338750
2025-01-08,128580106
2025-01-09,131331932
2025-01-10,131145343
2025-01-13,130711604
2025-01-14,133262613
2025-01-15,136571701
2025-01-16,139124920
2025-01-17,140977590
2025-01-21,101097072
2025-01-22,104125119
2025-01-23,106682300
2025-01-24,109543559
2025-01-27,107530011
2025-01-28,109900408
2025-01-29,111811383
2025-01-30,113648804
2025-01-31,116105936
2025-02-03,111784203
2025-02-04,114158012
2025-02-05,116793433
2025-02-06,118499263
2025-02-07,120306158
2025-02-10,117896343
2025-02-11,120027037
2025-02-12,122025635
2025-02-13,123769714
2025-02-14,126153612
2025-02-18,124254781
2025-02-19,127191625
2025-02-20,129299675
2025-02-21,131577223
2025-02-24,114450916
2025-02-25,116698260
2025-02-26,119841336
2025-02-27,122557717
2025-02-28,124726471
2025-03-03,119632126
2025-03-04,122746772
2025-03-05,126076506
2025-03-06,128547294
2025-03-07,131725201
2025-03-10,129522458
2025-03-11,133872765
2025-03-12,137220554
2025-03-13,139160249
2025-03-14,142139007
2025-03-17,140219352
2025-03-18,142724565
2025-03-19,144167065
2025-03-20,146969400
2025-03-21,147563086
2025-03-24,113941035
2025-03-25,117251335
2025-03-26,119286669
2025-03-27,121226388
2025-03-28,123057639
2025-03-31,120809008
2025-04-01,119568628
2025-04-02,122331596
2025-04-03,124588931
2025-04-04,128228337
2025-04-07,128695538
2025-04-08,132208736
2025-04-09,136032046
2025-04-10,139975160
2025-04-11,144189988
2025-04-14,141279106
2025-04-15,143357441
2025-04-16,144757763
2025-04-17,146092983
2025-04-21,121220559
2025-04-22,123902944
2025-04-23,126953630
2025-04-24,129698706
2025-04-25,132389817
2025-04-28,128874043
2025-04-29,131211069
2025-04-30,133076558
2025-05-01,132700534
2025-05-02,134847588
2025-05-05,132446916
2025-05-06,134337861
2025-05-07,136579886
2025-05-08,138083531
2025-05-09,140981460
2025-05-12,139591560
2025-05-13,142061084
2025-05-14,145385151
2025-05-15,147468029
2025-05-16,149798971
2025-05-19,123167322
2025-05-20,125676255
2025-05-21,127602491
2025-05-22,130780594
2025-05-23,132939748
2025-05-27,129983696
2025-05-28,132372176
2025-05-29,134301330
2025-05-30,136102178
2025-06-02,130724721
2025-06-03,132567383
2025-06-04,135111610
2025-06-05,137454677
2025-06-06,140463060
2025-06-09,138099409
2025-06-10,140713974
2025-06-11,143148364
2025-06-12,144858211
2025-06-13,146508219
2025-06-16,142509796
2025-06-17,144662394
2025-06-18,147035032
2025-06-20,148128938
2025-06-23,112228299
2025-06-24,114833605
2025-06-25,118221748
2025-06-26,120365387
2025-06-27,123487789
2025-06-30,121632616
2025-07-01,121029425
2025-07-02,123408301
2025-07-03,125923643
2025-07-07,124003206
2025-07-08,126035810
2025-07-09,128296178
2025-07-10,131209494
2025-07-11,133872249
2025-07-14,132604686
2025-07-15,135129490
2025-07-16,137883854
2025-07-17,140370912
2025-07-18,143171953
2025-07-21,122293687
2025-07-22,126249434
2025-07-23,128755869
2025-07-24,131763379
2025-07-25,134409411
2025-07-28,130837473
2025-07-29,133282580
2025-07-30,135589953
2025-07-31,137438996
2025-08-01,137865307
2025-08-04,135914908
2025-08-05,138095331
2025-08-06,140348263
2025-08-07,142032940
2025-08-08,144145843
2025-08-11,141675802
2025-08-12,143949425
2025-08-13,146855006
2025-08-14,149908034
2025-08-15,152197892
2025-08-18,129007896
2025-08-19,131249501
2025-08-20,133441981
2025-08-21,136517950
2025-08-22,138191171
2025-08-25,137012900
2025-08-26,139307933
2025-08-27,141441724
2025-08-28,144209422
2025-08-29,147122499
2025-09-02,141628025
2025-09-03,144328419
2025-09-04,146390028
2025-09-05,149233651
2025-09-08,147422680
2025-09-09,150579850
2025-09-10,154043295
2025-09-11,157071764
2025-09-12,160838736
2025-09-15,158227593
2025-09-16,161123501
2025-09-17,164486353
2025-09-18,167146967
2025-09-19,168699797
2025-09-22,132216064
2025-09-23,136054803
2025-09-24,139339906
2025-09-25,141646459
2025-09-26,144500630
2025-09-29,142065878
2025-09-30,145214301
2025-10-01,143797048
2025-10-02,146342921
2025-10-03,150029229
2025-10-06,147606555
2025-10-07,150487282
2025-10-08,153726919
2025-10-09,156508604
2025-10-10,159073855
2025-10-13,157416531
2025-10-14,159579095
2025-10-15,162660959
2025-10-16,165339112
2025-10-17,169626330
2025-10-20,143134497
2025-10-21,146902985
2025-10-22,150261600
2025-10-23,152241438
2025-10-24,154961554
2025-10-27,151777196
2025-10-28,155237868
2025-10-29,158118492
2025-10-30,160799647
2025-10-31,162479518
2025-11-03,154863982
2025-11-04,157508119
2025-11-05,160223321
2025-11-06,162315247
2025-11-07,164338593
2025-11-10,161428205
2025-11-11,163558317
2025-11-12,165692713
2025-11-13,168071911
2025-11-14,170708534
2025-11-17,167092744
2025-11-18,169695612
2025-11-19,172705311
2025-11-20,174606016
2025-11-21,178199187
2025-11-24,152908175
2025-11-25,155783143
2025-11-26,158611336
2025-11-28,160828530
2025-12-01,155061456
2025-12-02,157773359
2025-12-03,160171753
2025-12-04,162349415
2025-12-05,164851447
2025-12-08,166197578
2025-12-09,168472270
2025-12-10,171160860
2025-12-11,173039345
2025-12-12,175370406
2025-12-15,171733538
2025-12-16,172120202
2025-12-17,174186494
2025-12-18,177048240
2025-12-19,178927688
2025-12-22,138931207
2025-12-23,142193512
2025-12-24,144619285
2025-12-26,144586804
2025-12-29,143261633
2025-12-30,145197698
2025-12-31,147386072
2026-01-02,144041197
2026-01-05,142681908
2026-01-06,145622673
2026-01-07,151191821
2026-01-08,153567873
2026-01-09,155979420
2026-01-12,155440733
2026-01-13,158899193
2026-01-14,162386990
2026-01-15,166361409
2026-01-16,170124539
2026-01-20,127699812
2026-01-21,131993912
2026-01-22,135984704
2026-01-23,140091903
2026-01-26,138836246
2026-01-27,143049170
2026-01-28,147536955
2026-01-29,150905423
2026-01-30,154939976
2026-02-02,150214433
2026-02-03,152963694
2026-02-04,157540975
2026-02-05,160858089
2026-02-06,165638751
2026-02-09,162895884
2026-02-10,165658176
2026-02-11,167965872
2026-02-12,170798550
2026-02-13,172818624
2026-02-17,169823449
2026-02-18,172759402
2026-02-19,175320643
2026-02-20,177882652
2026-02-23,151930913
2026-02-24,156160745
